deal_id,document,purpose
SEOUL-TRANSIT-CLIMATE,docs/core-deal-index.md,Canonical beginner-facing index and registry bridge
SEOUL-TOUR-WALK,docs/core-deal-index.md,Canonical beginner-facing index and registry bridge
SEOUL-TOUR-CHEONGWADAE,docs/core-deal-index.md,Canonical beginner-facing index and registry bridge
SEOUL-TOUR-TIGERBUS,docs/core-deal-index.md,Canonical beginner-facing index and registry bridge
SEOUL-PASS-DSP,docs/core-deal-index.md,Canonical beginner-facing index and registry bridge
BUSAN-PAY,docs/core-deal-index.md,Canonical beginner-facing index and registry bridge
BUSAN-PASS-VBP,docs/core-deal-index.md,Canonical beginner-facing index and registry bridge
BUSAN-MUSEUM-ART,docs/core-deal-index.md,Canonical beginner-facing index and registry bridge
BUSAN-MUSEUM-MARITIME,docs/core-deal-index.md,Canonical beginner-facing index and registry bridge
BUSAN-MUSEUM-BOKCHEON,docs/core-deal-index.md,Canonical beginner-facing index and registry bridge
CHEONAN-TAXI,docs/core-deal-index.md,Canonical beginner-facing index and registry bridge
CHEONAN-CITYTOUR,docs/core-deal-index.md,Canonical beginner-facing index and registry bridge
CHEONAN-INDEPENDENCE,docs/core-deal-index.md,Canonical beginner-facing index and registry bridge
DAEJEON-CITYTOUR,docs/core-deal-index.md,Canonical beginner-facing index and registry bridge
DAEJEON-HERITAGE,docs/core-deal-index.md,Canonical beginner-facing index and registry bridge
DAEJEON-SCIENCE,docs/core-deal-index.md,Canonical beginner-facing index and registry bridge
DAEJEON-DMA,docs/core-deal-index.md,Canonical beginner-facing index and registry bridge
NATIONWIDE-SHUTTLE,docs/core-deal-index.md,Canonical beginner-facing index and registry bridge
NATIONWIDE-TAXREFUND,docs/core-deal-index.md,Canonical beginner-facing index and registry bridge
SEOUL-SALEFESTA,docs/core-deal-index.md,Canonical beginner-facing index and registry bridge
DAEJEON-SUMMER50,docs/core-deal-index.md,Canonical beginner-facing index and registry bridge
NATIONWIDE-TWOSOME,docs/core-deal-index.md,Canonical beginner-facing index and registry bridge
NATIONWIDE-DOOKKI,docs/core-deal-index.md,Canonical beginner-facing index and registry bridge
NATIONWIDE-MYEONGRYUN,docs/core-deal-index.md,Canonical beginner-facing index and registry bridge
NATIONWIDE-NOBRAND,docs/core-deal-index.md,Canonical beginner-facing index and registry bridge
NATIONWIDE-MOMSTOUCH,docs/core-deal-index.md,Canonical beginner-facing index and registry bridge
NATIONWIDE-CONVENIENCE,docs/core-deal-index.md,Canonical beginner-facing index and registry bridge
SEOUL-TONGIN,docs/core-deal-index.md,Canonical beginner-facing index and registry bridge
NATIONWIDE-IKEA,docs/core-deal-index.md,Canonical beginner-facing index and registry bridge
NATIONWIDE-KAKAO,docs/core-deal-index.md,Canonical beginner-facing index and registry bridge
NATIONWIDE-WOWPASS,docs/core-deal-index.md,Canonical beginner-facing index and registry bridge
NATIONWIDE-BAEMIN,docs/core-deal-index.md,Canonical beginner-facing index and registry bridge
NATIONWIDE-ASHLEY,docs/core-deal-index.md,Canonical beginner-facing index and registry bridge
NATIONWIDE-HKB,docs/core-deal-index.md,Canonical beginner-facing index and registry bridge
NATIONWIDE-GIMBAP,docs/core-deal-index.md,Canonical beginner-facing index and registry bridge
NATIONWIDE-BUDGETCOFFEE,docs/core-deal-index.md,Canonical beginner-facing index and registry bridge
SEOUL-HYUNDAI-DESK,docs/core-deal-index.md,Canonical beginner-facing index and registry bridge
INCHEON-LOUNGE,docs/core-deal-index.md,Canonical beginner-facing index and registry bridge
SEOUL-ASIANA-BOARDING,docs/core-deal-index.md,Canonical beginner-facing index and registry bridge
SEOUL-ARISU,docs/core-deal-index.md,Canonical beginner-facing index and registry bridge
SEOUL-DEPT-CLEARANCE,docs/core-deal-index.md,Canonical beginner-facing index and registry bridge
SEOUL-STUDENT-FOOD,docs/core-deal-index.md,Canonical beginner-facing index and registry bridge
SEOUL-MANGWON,docs/core-deal-index.md,Canonical beginner-facing index and registry bridge
BUSAN-LOCAL-FOOD,docs/core-deal-index.md,Canonical beginner-facing index and registry bridge
INCHEON-AIRPORT-MEAL,docs/core-deal-index.md,Canonical beginner-facing index and registry bridge
NATIONWIDE-PEPERO,docs/core-deal-index.md,Canonical beginner-facing index and registry bridge
SEOUL-MUSEUM-NMK,docs/core-deal-index.md,2026-08-19 official Seoul/Busan expansion mapping
SEOUL-WARMEMO,docs/core-deal-index.md,2026-08-19 official Seoul/Busan expansion mapping
SEOUL-FOLK,docs/core-deal-index.md,2026-08-19 official Seoul/Busan expansion mapping
SEOUL-PALACE-MUSEUM,docs/core-deal-index.md,2026-08-19 official Seoul/Busan expansion mapping
SEOUL-MUCH,docs/core-deal-index.md,2026-08-19 official Seoul/Busan expansion mapping
SEOUL-GYEONGGYOJANG,docs/core-deal-index.md,2026-08-19 official Seoul/Busan expansion mapping
SEOUL-CHEONGGYECHEON-MUSEUM,docs/core-deal-index.md,2026-08-19 official Seoul/Busan expansion mapping
SEOUL-URI-SORI,docs/core-deal-index.md,2026-08-19 official Seoul/Busan expansion mapping
SEOUL-MMCA-LATE,docs/core-deal-index.md,2026-08-19 official Seoul/Busan expansion mapping
BUSAN-MUSEUM,docs/core-deal-index.md,2026-08-19 official Seoul/Busan expansion mapping
BUSAN-MARINE-NHM,docs/core-deal-index.md,2026-08-19 official Seoul/Busan expansion mapping
BUSAN-UNMCK,docs/core-deal-index.md,2026-08-19 official Seoul/Busan expansion mapping
NATIONWIDE-VISITKOREA-EXCLUSIVE,docs/core-deal-index.md,2026-08-19 official Seoul/Busan expansion mapping
NATIONWIDE-SHINSEGAE-VK,docs/core-deal-index.md,2026-08-19 official Seoul/Busan expansion mapping
SEOUL-HYUNDAI-VK,docs/core-deal-index.md,2026-08-19 official Seoul/Busan expansion mapping
NATIONWIDE-LOTTE-VK,docs/core-deal-index.md,2026-08-19 official Seoul/Busan expansion mapping
SEOUL-GOLDENBLUE,docs/core-deal-index.md,2026-08-19 official Seoul/Busan expansion mapping
NATIONWIDE-CATCHTABLE,docs/core-deal-index.md,2026-08-19 official Seoul/Busan expansion mapping
NATIONWIDE-CULTUREDAY,docs/core-deal-index.md,2026-08-19 official Seoul/Busan expansion mapping
SEOUL-AUTUMN-FEST,docs/core-deal-index.md,2026-08-19 official Seoul/Busan expansion mapping
SEOUL-HANYANG-WALL,docs/core-deal-index.md,2026-08-19 second official Seoul/Busan expansion
SEOUL-LIVING-HISTORY,docs/core-deal-index.md,2026-08-19 second official Seoul/Busan expansion
SEOUL-DONGDAEMUN-HIST,docs/core-deal-index.md,2026-08-19 second official Seoul/Busan expansion
SEOUL-SEMA,docs/core-deal-index.md,2026-08-19 second official Seoul/Busan expansion
SEOUL-SEMA-BUK,docs/core-deal-index.md,2026-08-19 second official Seoul/Busan expansion
SEOUL-SEMA-NAM,docs/core-deal-index.md,2026-08-19 second official Seoul/Busan expansion
SEOUL-BAEKINJE,docs/core-deal-index.md,2026-08-19 second official Seoul/Busan expansion
SEOUL-DILKUSHA,docs/core-deal-index.md,2026-08-19 second official Seoul/Busan expansion
SEOUL-GONGPYEONG,docs/core-deal-index.md,2026-08-19 second official Seoul/Busan expansion
SEOUL-GUNGISI,docs/core-deal-index.md,2026-08-19 second official Seoul/Busan expansion
SEOUL-DONUIMUN,docs/core-deal-index.md,2026-08-19 second official Seoul/Busan expansion
BUSAN-MODERN-HIST,docs/core-deal-index.md,2026-08-19 second official Seoul/Busan expansion
BUSAN-TEMP-CAPITAL,docs/core-deal-index.md,2026-08-19 second official Seoul/Busan expansion
BUSAN-FORCED-LABOR,docs/core-deal-index.md,2026-08-19 second official Seoul/Busan expansion
BUSAN-NURIMARU,docs/core-deal-index.md,2026-08-19 second official Seoul/Busan expansion
BUSAN-ORYUKDO,docs/core-deal-index.md,2026-08-19 second official Seoul/Busan expansion
BUSAN-SONGDO-WALK,docs/core-deal-index.md,2026-08-19 second official Seoul/Busan expansion
BUSAN-CHEONGSAPO,docs/core-deal-index.md,2026-08-19 second official Seoul/Busan expansion
SEOUL-SHINSEGAE-DF,docs/core-deal-index.md,2026-08-19 second official Seoul/Busan expansion
SEOUL-COCORY,docs/core-deal-index.md,2026-08-19 second official Seoul/Busan expansion
